{
	"format_version": "1.8.0",
	"animations": {
		"animation.fire_pillar.target": {
			"animation_length": 0.5,
			"bones": {
				"crosshair": {
					"scale": {
						"0.0": [
							3,
							3,
							3
						],
						"0.0417": [
							1.9731,
							2.05021,
							1.91093
						],
						"0.0833": [
							1.65219,
							1.74063,
							1.5809
						],
						"0.125": [
							1.44831,
							1.53745,
							1.37645
						],
						"0.1667": [
							1.30537,
							1.38987,
							1.23725
						],
						"0.2083": [
							1.20167,
							1.27826,
							1.13993
						],
						"0.25": [
							1.12604,
							1.19255,
							1.07241
						],
						"0.2917": [
							1.07187,
							1.12687,
							1.02753
						],
						"0.3333": [
							1.03479,
							1.07738,
							1.00046
						],
						"0.375": [
							1.0117,
							1.04151,
							0.98767
						],
						"0.4167": [
							1.00016,
							1.01747,
							0.98621
						],
						"0.4583": [
							0.99778,
							1.004,
							0.99277
						],
						"0.5": [
							1,
							1,
							1
						]
					}
				}
			}
		}
	}
}